{
	"photographers": [
		{
			"name": "Mimi Keel",
			"id": 243,
			"city": "London",
			"country": "UK",
			"tagline": "Voir le beau dans le quotidien",
			"price": 400,
			"portrait": "MimiKeel.jpg"
		},
		{
			"name": "Ellie-Rose Wilkens",
			"id": 930,
			"city": "Paris",
			"country": "France",
			"tagline": "Capturer des compositions complexes",
			"price": 250,
			"portrait": "EllieRoseWilkens.jpg"
		},
		{
			"name": "Tracy Galindo",
			"id": 82,
			"city": "Montreal",
			"country": "Canada",
			"tagline": "Photographe freelance",
			"price": 500,
			"portrait": "TracyGalindo.jpg"
		},
		{
			"name": "Nabeel Bradford",
			"id": 527,
			"city": "Mexico City",
			"country": "Mexico",
			"tagline": "Toujours aller de l'avant",
			"price": 350,
			"portrait": "NabeelBradford.jpg"
		},
		{
			"name": "Rhode Dubois",
			"id": 925,
			"city": "Barcelona",
			"country": "Spain",
			"tagline": "Je crée des souvenirs",
			"price": 275,
			"portrait": "RhodeDubois.jpg"
		},
		{
			"name": "Marcel Nikolic",
			"id": 195,
			"city": "Berlin",
			"country": "Germany",
			"tagline": "Toujours à la recherche de LA photo",
			"price": 300,
			"portrait": "MarcelNikolic.jpg"
		}
	],
	"media": [
		{
			"id": 342550,
			"photographerId": 82,
			"title": "Fashion Yellow Beach",
			"image": "Fashion_Yellow_Beach.jpg",
			"likes": 62,
			"date": "2011-12-08",
			"price": 55
		},
		{
			"id": 8520927,
			"photographerId": 82,
			"title": "Fashion Urban Jungle",
			"image": "Fashion_Urban_Jungle.jpg",
			"likes": 11,
			"date": "2011-11-06",
			"price": 55
		},
		{
			"id": 9025895,
			"photographerId": 82,
			"title": "Fashion Pattern on a Pattern",
			"image": "Fashion_Pattern_on_Pattern.jpg",
			"likes": 72,
			"date": "2013-08-12",
			"price": 55
		},
		{
			"id": 9275938,
			"photographerId": 82,
			"title": "Wedding Gazebo",
			"image": "Event_WeddingGazebo.jpg",
			"likes": 69,
			"date": "2018-02-22",
			"price": 55
		},
		{
			"id": 2053494,
			"photographerId": 82,
			"title": "Sparkles",
			"image": "Event_Sparklers.jpg",
			"likes": 2,
			"date": "2020-05-25",
			"price": 55
		},
		{
			"id": 7324238,
			"photographerId": 82,
			"title": "18th Anniversary",
			"image": "Event_18thAnniversary.jpg",
			"likes": 33,
			"date": "2019-06-12",
			"price": 55
		},
		{
			"id": 8328953,
			"photographerId": 82,
			"title": "Wooden sculpture of a horse",
			"video": "Art_Wooden_Horse_Sculpture.mp4",
			"likes": 24,
			"date": "2011-12-08",
			"price": 100
		  },
		{
			"id": 7502053,
			"photographerId": 82,
			"title": "Triangle Man",
			"image": "Art_Triangle_Man.jpg",
			"likes": 88,
			"date": "2007-05-07",
			"price": 55
		},
		{
			"id": 8523492,
			"photographerId": 82,
			"title": "Purple Tunnel",
			"image": "Art_Purple_light.jpg",
			"likes": 24,
			"date": "2018-05-05",
			"price": 55
		},
		{
			"id": 75902334,
			"photographerId": 82,
			"title": "Art Mine",
			"image": "Art_Mine.jpg",
			"likes": 75,
			"date": "2019-11-25",
			"price": 55
		},

		{
			"id": 73852953,
			"photographerId": 925,
			"title": "8 Rows",
			"image": "Sport_2000_with_8.jpg",
			"likes": 52,
			"date": "2013-02-30",
			"price": 70
		},
		{
			"id": 92758372,
			"photographerId": 925,
			"title": "Fashion Wings",
			"image": "Fashion_Wings.jpg",
			"likes": 58,
			"date": "2018-07-17",
			"price": 70
		},
		{
			"id": 32958383,
			"photographerId": 925,
			"title": "Melody Red on Stripes",
			"image": "Fashion_Melody_Red_on_Stripes.jpg",
			"likes": 11,
			"date": "2019-08-12",
			"price": 70
		},
		{
			"id": 928587383,
			"photographerId": 925,
			"title": "Venture Conference",
			"image": "Event_VentureConference.jpg",
			"likes": 2,
			"date": "2019-01-02",
			"price": 70
		},
		{
			"id": 725639493,
			"photographerId": 925,
			"title": "Product Pitch",
			"image": "Event_ProductPitch.jpg",
			"likes": 3,
			"date": "2019-05-20",
			"price": 70
		},
		{
			"id": 23394384,
			"photographerId": 925,
			"title": "Musical Festival Keyboard",
			"image": "Event_KeyboardCheck.jpg",
			"likes": 52,
			"date": "2019-07-18",
			"price": 70
		},
		{
			"id": 87367293,
			"photographerId": 925,
			"title": "Musical Festival Singer",
			"image": "Event_Emcee.jpg",
			"likes": 23,
			"date": "2018-02-22",
			"price": 70
		},
		{
			"id": 593834784,
			"photographerId": 925,
			"title": "Animal Majesty",
			"image": "Animals_Majesty.jpg",
			"likes": 52,
			"date": "2017-03-13",
			"price": 70
		},
		{
			"id": 83958935,
			"photographerId": 925,
			"title": "Cute puppy on sunset",
			"video": "Animals_Puppiness.mp4",
			"likes": 52,
			"date": "2016-06-12",
			"price": 70
		},
		{
			"id": 394583434,
			"photographerId": 527,
			"title": "Rocky mountains from the air",
			"video": "Travel_Rock_Mountains.mp4",
			"likes": 23,
			"date": "2017-03-18",
			"price": 45
		},
		{
			"id": 343423425,
			"photographerId": 527,
			"title": "Outdoor Baths",
			"image": "Travel_Outdoor_Baths.jpg",
			"likes": 101,
			"date": "2017-04-03",
			"price": 45
		},
		{
			"id": 73434243,
			"photographerId": 527,
			"title": "Road into the Hill",
			"image": "Travel_Road_into_Hill.jpg",
			"likes": 99,
			"date": "2018-04-30",
			"price": 45
		},
		{
			"id": 23425523,
			"photographerId": 527,
			"title": "Bridge into the Forest",
			"image": "Travel_Bridge_into_Forest.jpg",
			"likes": 34,
			"date": "2016-04-05",
			"price": 45
		},
		{
			"id": 23134513,
			"photographerId": 527,
			"title": "Boat Wonderer",
			"image": "Travel_Boat_Wanderer.jpg",
			"likes": 23,
			"date": "2017-03-18",
			"price": 45
		},
		{
			"id": 92352352,
			"photographerId": 527,
			"title": "Portrait Sunkiss",
			"image": "Portrait_Sunkissed.jpg",
			"likes": 66,
			"date": "2018-05-24",
			"price": 45
		},
		{
			"id": 34513453,
			"photographerId": 527,
			"title": "Shaw Potrait",
			"image": "Portrait_Shaw.jpg",
			"likes": 52,
			"date": "2017-04-21",
			"price": 45
		},
		{
			"id": 23523533,
			"photographerId": 527,
			"title": "Alexandra",
			"image": "Portrait_Alexandra.jpg",
			"likes": 95,
			"date": "2018-11-02",
			"price": 45
		},
		{
			"id": 525834234,
			"photographerId": 527,
			"title": "Afternoon Break",
			"image": "Portrait_AfternoonBreak.jpg",
			"likes": 25,
			"date": "2019-01-02",
			"price": 45
		},

		{
			"id": 623534343,
			"photographerId": 243,
			"title": "Lonesome",
			"image": "Travel_Lonesome.jpg",
			"likes": 88,
			"date": "2019-02-03",
			"price": 45
		},
		{
			"id": 625025343,
			"photographerId": 243,
			"title": "Hillside Color",
			"image": "Travel_HillsideColor.jpg",
			"likes": 85,
			"date": "2019-04-03",
			"price": 45
		},
		{
			"id": 2525345343,
			"photographerId": 243,
			"title": "Wednesday Potrait",
			"image": "Portrait_Wednesday.jpg",
			"likes": 34,
			"date": "2019-04-07",
			"price": 45
		},
		{
			"id": 2523434634,
			"photographerId": 243,
			"title": "Nora Portrait",
			"image": "Portrait_Nora.jpg",
			"likes": 63,
			"date": "2019-04-07",
			"price": 45
		},
		{
			"id": 398847109,
			"photographerId": 243,
			"title": "Raw Black Portrait",
			"image": "Portrait_Background.jpg",
			"likes": 55,
			"date": "2019-06-20",
			"price": 45
		},
		{
			"id": 2534342,
			"photographerId": 243,
			"title": "Seaside Wedding",
			"image": "Event_SeasideWedding.jpg",
			"likes": 25,
			"date": "2019-06-21",
			"price": 45
		},
		{
			"id": 65235234,
			"photographerId": 243,
			"title": "Boulder Wedding",
			"image": "Event_PintoWedding.jpg",
			"likes": 52,
			"date": "2019-06-25",
			"price": 45
		},
		{
			"id": 23523434,
			"photographerId": 243,
			"title": "Benevides Wedding",
			"image": "Event_BenevidesWedding.jpg",
			"likes": 77,
			"date": "2019-06-28",
			"price": 45
		},
		{
			"id": 5234343,
			"photographerId": 243,
			"title": "Wild horses in the mountains",
			"video": "Animals_Wild_Horses_in_the_mountains.mp4",
			"likes": 142,
			"date": "2019-08-23",
			"price": 60
		  },
		{
			"id": 95234343,
			"photographerId": 243,
			"title": "Rainbow Bird",
			"image": "Animals_Rainbow.jpg",
			"likes": 59,
			"date": "2019-07-02",
			"price": 60
		},

		{
			"id": 52343416,
			"photographerId": 195,
			"title": "Japanese Tower, Kyoto",
			"image": "Travel_Tower.jpg",
			"likes": 25,
			"date": "2019-04-03",
			"price": 60
		},
		{
			"id": 2523434,
			"photographerId": 195,
			"title": "Senset on Canals, Venice",
			"image": "Travel_SunsetonCanals.jpg",
			"likes": 53,
			"date": "2019-05-06",
			"price": 60
		},
		{
			"id": 95293534,
			"photographerId": 195,
			"title": "Mountain and Lake",
			"image": "Travel_OpenMountain.jpg",
			"likes": 33,
			"date": "2019-05-12",
			"price": 60
		},
		{
			"id": 356234343,
			"photographerId": 195,
			"title": "City Bike and Stair, Paris",
			"image": "Travel_Bike_and_Stair.jpg",
			"likes": 53,
			"date": "2019-06-20",
			"price": 60
		},
		{
			"id": 235234343,
			"photographerId": 195,
			"title": "Adventure Door, India",
			"image": "Travel_Adventure_Door.jpg",
			"likes": 63,
			"date": "2019-06-26",
			"price": 60
		},
		{
			"id": 6234234343,
			"photographerId": 195,
			"title": "Contrast, St Petersburg",
			"image": "Architecture_Contrast.jpg",
			"likes": 52,
			"date": "2019-06-30",
			"price": 60
		},
		{
			"id": 6525666253,
			"photographerId": 195,
			"title": "On a Hill, Tibet",
			"image": "Architecture_On_a_hill.jpg",
			"likes": 63,
			"date": "2019-07-20",
			"price": 60
		},
		{
			"id": 98252523433,
			"photographerId": 195,
			"title": "Leaning Tower, Pisa",
			"image": "Architecture_Dome.jpg",
			"likes": 88,
			"date": "2020-01-05",
			"price": 60
		},
		{
			"id": 9259398453,
			"photographerId": 195,
			"title": "Drone shot of Buenos Aires highways",
			"video": "Architecture_coverr_circle_empty_highway_in_buenos_aires_587740985637.mp4",
			"likes": 57,
			"date": "2020-01-20",
			"price": 65
		  },
		{
			"id": 3523523534,
			"photographerId": 195,
			"title": "Corner Building and Blue Sky",
			"image": "Architecture_Corner_Room.jpg",
			"likes": 54,
			"date": "2020-05-05",
			"price": 60
		},
		{
			"id": 952343423,
			"photographerId": 930,
			"title": "Tricks in te air",
			"video": "Sport_Tricks_in_the_air.mp4",
			"likes": 150,
			"date": "2018-02-30",
			"price": 70
		  },
		{
			"id": 235234343,
			"photographerId": 930,
			"title": "Climber",
			"image": "Sport_Next_Hold.jpg",
			"likes": 101,
			"date": "2018-03-05",
			"price": 65
		},
		{
			"id": 235343222,
			"photographerId": 930,
			"title": "Surfer",
			"image": "sport_water_tunnel.jpg",
			"likes": 103,
			"date": "2018-03-10",
			"price": 70
		},
		{
			"id": 7775342343,
			"photographerId": 930,
			"title": "Skier",
			"image": "Sport_Sky_Cross.jpg",
			"likes": 77,
			"date": "2018-04-16",
			"price": 50
		},
		{
			"id": 9253445784,
			"photographerId": 930,
			"title": "Race End",
			"image": "Sport_Race_End.jpg",
			"likes": 88,
			"date": "2018-04-22",
			"price": 65
		},
		{
			"id": 22299394,
			"photographerId": 930,
			"title": "Jump!",
			"image": "Sport_Jump.jpg",
			"likes": 95,
			"date": "2018-04-27",
			"price": 70
		},
		{
			"id": 3452342633,
			"photographerId": 930,
			"title": "White Light",
			"image": "Architecture_White_Light.jpg",
			"likes": 52,
			"date": "2018-05-03",
			"price": 75
		},
		{
			"id": 939234243,
			"photographerId": 930,
			"title": "Water on Modern Building",
			"image": "Architecture_Water_on_Modern.jpg",
			"likes": 55,
			"date": "2018-05-10",
			"price": 72
		},
		{
			"id": 222959233,
			"photographerId": 930,
			"title": "Horseshoe",
			"image": "Architecture_Horseshoe.jpg",
			"likes": 85,
			"date": "2018-05-15",
			"price": 71
		},
		{
			"id": 965933434,
			"photographerId": 930,
			"title": "Cross Bar",
			"image": "Architecture_Cross_Bar.jpg",
			"likes": 66,
			"date": "2018-05-20",
			"price": 58
		},
		{
			"id": 777723343,
			"photographerId": 930,
			"title": "Connected Curves",
			"image": "Architecture_Connected_Curves.jpg",
			"likes": 79,
			"date": "2018-05-21",
			"price": 80
		}
	]
}
